{
  "name": "Pile capitales",
  "desc": "Nommez la capitale du pays pose en question.",
  "uniqueId": "SgJjh_oKMJzf1RE3b5GutujlQm2wKmG2",
  "creator": "Groupe 28",
  "cards": [
    {
      "id": 0,
      "question": {
        "type": "TEXT",
        "content": "France"
      },
      "reponse": {
        "type": "TEXT",
        "content": "Paris"
      }
    },
    {
      "id": 1,
      "question": {
        "type": "TEXT",
        "content": "Espagne"
      },
      "reponse": {
        "type": "TEXT",
        "content": "Madrid"
      }
    },
    {
      "id": 2,
      "question": {
        "type": "TEXT",
        "content": "Royaume-Uni"
      },
      "reponse": {
        "type": "TEXT",
        "content": "Londres"
      }
    },
    {
      "id": 3,
      "question": {
        "type": "TEXT",
        "content": "Emirats arabes unis"
      },
      "reponse": {
        "type": "TEXT",
        "content": "Abou Dabi"
      }
    },
    {
      "id": 4,
      "question": {
        "type": "TEXT",
        "content": "Nigeria"
      },
      "reponse": {
        "type": "TEXT",
        "content": "Abuja"
      }
    },
    {
      "id": 5,
      "question": {
        "type": "TEXT",
        "content": "Ethiopie"
      },
      "reponse": {
        "type": "TEXT",
        "content": "Addis-Abeda"
      }
    },
    {
      "id": 6,
      "question": {
        "type": "TEXT",
        "content": "Algerie"
      },
      "reponse": {
        "type": "TEXT",
        "content": "Alger"
      }
    },
    {
      "id": 7,
      "question": {
        "type": "TEXT",
        "content": "Turquie"
      },
      "reponse": {
        "type": "TEXT",
        "content": "Ankara"
      }
    },
    {
      "id": 8,
      "question": {
        "type": "TEXT",
        "content": "Pays-Bas"
      },
      "reponse": {
        "type": "TEXT",
        "content": "Amsterdam"
      }
    },
    {
      "id": 9,
      "question": {
        "type": "TEXT",
        "content": "Madagascar"
      },
      "reponse": {
        "type": "TEXT",
        "content": "Antananarivo"
      }
    },
    {
      "id": 10,
      "question": {
        "type": "TEXT",
        "content": "Paraguay"
      },
      "reponse": {
        "type": "TEXT",
        "content": "Asuncion"
      }
    },
    {
      "id": 11,
      "question": {
        "type": "TEXT",
        "content": "Grèce"
      },
      "reponse": {
        "type": "TEXT",
        "content": "Athènes"
      }
    },
    {
      "id": 12,
      "question": {
        "type": "TEXT",
        "content": "Irak"
      },
      "reponse": {
        "type": "TEXT",
        "content": "Bagdad"
      }
    },
    {
      "id": 13,
      "question": {
        "type": "TEXT",
        "content": "Thailande"
      },
      "reponse": {
        "type": "TEXT",
        "content": "Bangkok"
      }
    },
    {
      "id": 14,
      "question": {
        "type": "TEXT",
        "content": "Allemagne"
      },
      "reponse": {
        "type": "TEXT",
        "content": "Berlin"
      }
    },
    {
      "id": 15,
      "question": {
        "type": "TEXT",
        "content": "Suisse"
      },
      "reponse": {
        "type": "TEXT",
        "content": "Berne"
      }
    },
    {
      "id": 16,
      "question": {
        "type": "TEXT",
        "content": "Liban"
      },
      "reponse": {
        "type": "TEXT",
        "content": "Beyrouth"
      }
    },
    {
      "id": 17,
      "question": {
        "type": "TEXT",
        "content": "Colombie"
      },
      "reponse": {
        "type": "TEXT",
        "content": "Bogota"
      }
    },
    {
      "id": 18,
      "question": {
        "type": "TEXT",
        "content": "Bresil"
      },
      "reponse": {
        "type": "TEXT",
        "content": "Brasilia"
      }
    },
    {
      "id": 19,
      "question": {
        "type": "TEXT",
        "content": "Slovaquie"
      },
      "reponse": {
        "type": "TEXT",
        "content": "Bratislava"
      }
    },
    {
      "id": 20,
      "question": {
        "type": "TEXT",
        "content": "Republique du Congo"
      },
      "reponse": {
        "type": "TEXT",
        "content": "Brazzaville"
      }
    },
    {
      "id": 21,
      "question": {
        "type": "TEXT",
        "content": "Belgique"
      },
      "reponse": {
        "type": "TEXT",
        "content": "Bruxelles"
      }
    },
    {
      "id": 22,
      "question": {
        "type": "TEXT",
        "content": "Roumanie"
      },
      "reponse": {
        "type": "TEXT",
        "content": "Bucarest"
      }
    },
    {
      "id": 23,
      "question": {
        "type": "TEXT",
        "content": "Hongrie"
      },
      "reponse": {
        "type": "TEXT",
        "content": "Budapest"
      }
    },
    {
      "id": 24,
      "question": {
        "type": "TEXT",
        "content": "Argentine"
      },
      "reponse": {
        "type": "TEXT",
        "content": "Buenos Aires"
      }
    },
    {
      "id": 25,
      "question": {
        "type": "TEXT",
        "content": "Egypte"
      },
      "reponse": {
        "type": "TEXT",
        "content": "Le Caire"
      }
    },
    {
      "id": 26,
      "question": {
        "type": "TEXT",
        "content": "Australie"
      },
      "reponse": {
        "type": "TEXT",
        "content": "Canberra"
      }
    },
    {
      "id": 27,
      "question": {
        "type": "TEXT",
        "content": "Venezuela"
      },
      "reponse": {
        "type": "TEXT",
        "content": "Caracas"
      }
    },
    {
      "id": 28,
      "question": {
        "type": "TEXT",
        "content": "Danemark"
      },
      "reponse": {
        "type": "TEXT",
        "content": "Copenhague"
      }
    },
    {
      "id": 29,
      "question": {
        "type": "TEXT",
        "content": "Senegal"
      },
      "reponse": {
        "type": "TEXT",
        "content": "Dakar"
      }
    },
    {
      "id": 30,
      "question": {
        "type": "TEXT",
        "content": "Syrie"
      },
      "reponse": {
        "type": "TEXT",
        "content": "Damas"
      }
    },
    {
      "id": 31,
      "question": {
        "type": "TEXT",
        "content": "Armenie"
      },
      "reponse": {
        "type": "TEXT",
        "content": "Erevan"
      }
    },
    {
      "id": 32,
      "question": {
        "type": "TEXT",
        "content": "Viet Nam"
      },
      "reponse": {
        "type": "TEXT",
        "content": "Hanoi"
      }
    },
    {
      "id": 33,
      "question": {
        "type": "TEXT",
        "content": "Cuba"
      },
      "reponse": {
        "type": "TEXT",
        "content": "La Havane"
      }
    },
    {
      "id": 34,
      "question": {
        "type": "TEXT",
        "content": "Finlande"
      },
      "reponse": {
        "type": "TEXT",
        "content": "Helsinki"
      }
    },
    {
      "id": 35,
      "question": {
        "type": "TEXT",
        "content": "Pakistan"
      },
      "reponse": {
        "type": "TEXT",
        "content": "Islamabad"
      }
    },
    {
      "id": 36,
      "question": {
        "type": "TEXT",
        "content": "Indonesie"
      },
      "reponse": {
        "type": "TEXT",
        "content": "Jakarta"
      }
    },
    {
      "id": 37,
      "question": {
        "type": "TEXT",
        "content": "Ukraine"
      },
      "reponse": {
        "type": "TEXT",
        "content": "Kiev"
      }
    },
    {
      "id": 38,
      "question": {
        "type": "TEXT",
        "content": "Perou"
      },
      "reponse": {
        "type": "TEXT",
        "content": "Lima"
      }
    },
    {
      "id": 39,
      "question": {
        "type": "TEXT",
        "content": "Portugal"
      },
      "reponse": {
        "type": "TEXT",
        "content": "Lisbonne"
      }
    },
    {
      "id": 40,
      "question": {
        "type": "TEXT",
        "content": "Slovenie"
      },
      "reponse": {
        "type": "TEXT",
        "content": "Ljubljana"
      }
    },
    {
      "id": 41,
      "question": {
        "type": "TEXT",
        "content": "Luxembourg"
      },
      "reponse": {
        "type": "TEXT",
        "content": "Luxembourg"
      }
    },
    {
      "id": 42,
      "question": {
        "type": "TEXT",
        "content": "Russie"
      },
      "reponse": {
        "type": "TEXT",
        "content": "Moscou"
      }
    },
    {
      "id": 43,
      "question": {
        "type": "TEXT",
        "content": "Inde"
      },
      "reponse": {
        "type": "TEXT",
        "content": "New Delhi"
      }
    },
    {
      "id": 44,
      "question": {
        "type": "TEXT",
        "content": "Italie"
      },
      "reponse": {
        "type": "TEXT",
        "content": "Rome"
      }
    },
    {
      "id": 45,
      "question": {
        "type": "TEXT",
        "content": "Chili"
      },
      "reponse": {
        "type": "TEXT",
        "content": "Santiago"
      }
    },
    {
      "id": 46,
      "question": {
        "type": "TEXT",
        "content": "Maroc"
      },
      "reponse": {
        "type": "TEXT",
        "content": "Rabat"
      }
    },
    {
      "id": 47,
      "question": {
        "type": "TEXT",
        "content": "Singapour"
      },
      "reponse": {
        "type": "TEXT",
        "content": "Singapour"
      }
    },
    {
      "id": 48,
      "question": {
        "type": "TEXT",
        "content": "Japon"
      },
      "reponse": {
        "type": "TEXT",
        "content": "Tokyo"
      }
    },
    {
      "id": 49,
      "question": {
        "type": "TEXT",
        "content": "Etats-Unis"
      },
      "reponse": {
        "type": "TEXT",
        "content": "Washington D.C."
      }
    },
    {
      "id": 50,
      "question": {
        "type": "TEXT",
        "content": "Autriche"
      },
      "reponse": {
        "type": "TEXT",
        "content": "Vienne"
      }
    },
    {
      "id": 51,
      "question": {
        "type": "IMAGE",
        "content": "img/tour eiffel.jpeg"
      },
      "reponse": {
        "type": "TEXT",
        "content": "Paris"
      }
    },
    {
      "id": 52,
      "question": {
        "type": "IMAGE",
        "content": "img/moscow.jpeg"
      },
      "reponse": {
        "type": "TEXT",
        "content": "Moscou"
      }
    }
  ],
  "nextCardId": 53,
  "tags": "Geographie"
}