{
  "name": "Blagues2",
  "desc": "Description par défaut",
  "uniqueId": "xIZXr8hE1QLUI6nVS81Wz8zrdUWVv2sZ",
  "creator": "Auteur",
  "cards": [
    {
      "id": 0,
      "question": {
        "type": "TEXT",
        "content": "Comment appelle-t-on un alligator qui enquête?"
      },
      "reponse": {
        "type": "TEXT",
        "content": "Un investi-gator"
      }
    },
    {
      "id": 1,
      "question": {
        "type": "TEXT",
        "content": "Qu’est-ce que le livre de mathématiques dit au conseiller d’orientation?"
      },
      "reponse": {
        "type": "TEXT",
        "content": "J\u0027ai tellement de problèmes ..."
      }
    },
    {
      "id": 2,
      "question": {
        "type": "TEXT",
        "content": "Aller une image !"
      },
      "reponse": {
        "type": "IMAGE",
        "content": "/home/eleve/Images/index.jpeg"
      }
    }
  ],
  "nextCardId": 3,
  "tags": "tag"
}