{
  "name": "Nom",
  "desc": "Description par défaut",
  "uniqueId": "vs7fMgjdv6PF7P5356W5Mx8z2TbTD5u_",
  "creator": "Auteur",
  "cards": [
    {
      "id": 0,
      "question": {
        "type": "TEXT",
        "content": "question"
      },
      "reponse": {
        "type": "TEXT",
        "content": "réponse"
      }
    },
    {
      "id": 1,
      "question": {
        "type": "TEXT",
        "content": "question"
      },
      "reponse": {
        "type": "IMAGE",
        "content": "img/index.jpeg"
      }
    }
  ],
  "nextCardId": 2,
  "tags": "no tag"
}
